analysis,region,n,rho,ci_lo,ci_hi,p_raw,published_rho,seed,n_boot,q_bh,delta_vs_published
"A. Patients only (n=432), unadjusted",L-Hippocampus,432,0.459377550819924,0.37598014247000916,0.5356240608051617,6.128809252310054e-24,0.493,20260818,10000,1.3133162683521544e-23,-0.03362244918007601
"A. Patients only (n=432), unadjusted",R-Hippocampus,432,0.5495827297695235,0.4746514315206939,0.6186690866839125,1.8451626696730372e-35,0.534,20260818,10000,6.919360011273889e-35,0.015582729769523462
"A. Patients only (n=432), unadjusted",L-Amygdala,432,0.05289751296639735,-0.04126931222620053,0.14977157389924012,0.2726252973022575,0.109,20260818,10000,0.29842347031388716,-0.05610248703360265
"A. Patients only (n=432), unadjusted",R-Amygdala,432,0.15836607009727846,0.06221241572810404,0.25156056765363777,0.0009568822678001337,0.162,20260818,10000,0.001196102834750167,-0.0036339299027215444
"A. Patients only (n=432), unadjusted",L-Thalamus,432,0.47620098034837915,0.3965500681696101,0.5475375480738798,7.771174108504371e-26,0.493,20260818,10000,1.9427935271260928e-25,-0.01679901965162084
"A. Patients only (n=432), unadjusted",R-Thalamus,432,0.4944389512604717,0.4169787225431305,0.5625948614637762,5.151347841673101e-28,0.487,20260818,10000,1.5454043525019303e-27,0.007438951260471727
"A. Patients only (n=432), unadjusted",L-Caudate,432,-0.05225197849865028,-0.14922569048812567,0.044119777014975055,0.27852857229296135,-0.019,20260818,10000,0.29842347031388716,-0.033251978498650275
"A. Patients only (n=432), unadjusted",R-Caudate,432,0.034070228261919806,-0.0630524040136117,0.13113268690411273,0.48000798007284573,0.047,20260818,10000,0.48000798007284573,-0.012929771738080194
"A. Patients only (n=432), unadjusted",L-Putamen,432,0.39262183009349033,0.3104347909160255,0.47009945218203564,2.256773808844635e-17,0.433,20260818,10000,3.7612896814077245e-17,-0.040378169906509664
"A. Patients only (n=432), unadjusted",R-Putamen,432,0.41091638241230194,0.3276532055251031,0.48798523735968635,4.979685789686682e-19,0.451,20260818,10000,9.33691085566253e-19,-0.04008361758769807
"A. Patients only (n=432), unadjusted",L-Pallidum,432,0.170884378367051,0.07748117036352652,0.2610311672763276,0.0003600588918602507,0.239,20260818,10000,0.000490989397991251,-0.06811562163294899
"A. Patients only (n=432), unadjusted",R-Pallidum,432,0.2644729621186511,0.17404869584959978,0.3534435992739197,2.3953053839368186e-08,0.259,20260818,10000,3.5929580759052274e-08,0.005472962118651115
"A. Patients only (n=432), unadjusted",L-Cerebral-WM,432,0.6613118425917491,0.5984312871511233,0.7164608308810257,1.1675220664063524e-55,0.668,20260818,10000,8.756415498047642e-55,-0.006688157408250905
"A. Patients only (n=432), unadjusted",R-Cerebral-WM,432,0.6628291618217834,0.5994248412538495,0.7170886714241321,5.398464590830774e-56,0.676,20260818,10000,8.097696886246162e-55,-0.013170838178216626
"A. Patients only (n=432), unadjusted",Brain-Stem,432,0.5641292873868708,0.4932961944109704,0.6288261327040447,1.1533718077359708e-37,0.57,20260818,10000,5.7668590386798536e-37,-0.005870712613129103
"B1. Volume-adjusted, full cohort (n=532)",L-Hippocampus,532,0.48694940502882084,0.4140441776654839,0.5552888681007111,5.749693804055514e-33,0.493,20260819,10000,1.3772774775893482e-32,-0.006050594971179157
"B1. Volume-adjusted, full cohort (n=532)",R-Hippocampus,532,0.532066572428175,0.46245761029100835,0.5951229315267456,3.8160632034367745e-40,0.534,20260819,10000,1.4310237012887904e-39,-0.0019334275718250193
"B1. Volume-adjusted, full cohort (n=532)",L-Amygdala,532,0.10927515772001788,0.02362597510383014,0.19401785914089595,0.0117458017176516,0.109,20260819,10000,0.013552848135751845,0.00027515772001787675
"B1. Volume-adjusted, full cohort (n=532)",R-Amygdala,532,0.16313126790514265,0.07513204604316594,0.25020236986292743,0.0001596441911525906,0.162,20260819,10000,0.00019955523894073823,0.0011312679051426466
"B1. Volume-adjusted, full cohort (n=532)",L-Thalamus,532,0.49353902424359425,0.425088001399015,0.5573081239296677,5.982452107880181e-34,0.493,20260819,10000,1.7947356323640544e-33,0.0005390242435942549
"B1. Volume-adjusted, full cohort (n=532)",R-Thalamus,532,0.4866212552245302,0.417881280348093,0.5509634376927136,6.427294895416959e-33,0.487,20260819,10000,1.3772774775893482e-32,-0.0003787447754697859
"B1. Volume-adjusted, full cohort (n=532)",L-Caudate,532,-0.029819852329375705,-0.12008661380033876,0.059792237861724565,0.49291173810116834,-0.019,20260819,10000,0.49291173810116834,-0.010819852329375705
"B1. Volume-adjusted, full cohort (n=532)",R-Caudate,532,0.0377146718034463,-0.05252972368093535,0.12740008286250828,0.3857578237225446,0.047,20260819,10000,0.4133119539884406,-0.0092853281965537
"B1. Volume-adjusted, full cohort (n=532)",L-Putamen,532,0.42065158983654266,0.34483763088798736,0.49118898596069505,3.490658590219799e-24,0.433,20260819,10000,5.8177643170329985e-24,-0.012348410163457335
"B1. Volume-adjusted, full cohort (n=532)",R-Putamen,532,0.44468254648645816,0.3709782476715268,0.5125110240602778,3.799148669949324e-27,0.451,20260819,10000,7.123403756154982e-27,-0.006317453513541849
"B1. Volume-adjusted, full cohort (n=532)",L-Pallidum,532,0.2375117107223048,0.15486261417819458,0.3171459275608745,3.0307322762234816e-08,0.239,20260819,10000,4.1328167403047474e-08,-0.001488289277695204
"B1. Volume-adjusted, full cohort (n=532)",R-Pallidum,532,0.2608403875396315,0.1774786133169454,0.338350120154587,1.0445570697208428e-09,0.259,20260819,10000,1.5668356045812643e-09,0.001840387539631505
"B1. Volume-adjusted, full cohort (n=532)",L-Cerebral-WM,532,0.6644233166955531,0.6081443956485735,0.7154135318437999,6.497275046246634e-69,0.668,20260819,10000,4.872956284684976e-68,-0.003576683304446937
"B1. Volume-adjusted, full cohort (n=532)",R-Cerebral-WM,532,0.6736116634977388,0.6179748495899319,0.7232328790978915,1.7786670077297465e-71,0.676,20260819,10000,2.6680005115946196e-70,-0.0023883365022612235
"B1. Volume-adjusted, full cohort (n=532)",Brain-Stem,532,0.5692768820423774,0.5040012274496672,0.6258063254543387,6.179469567365994e-47,0.57,20260819,10000,3.0897347836829973e-46,-0.0007231179576225877
"B2. Volume-adjusted, patients only (n=432)",L-Hippocampus,432,0.4531885527390417,0.37049491439071686,0.5316545285293264,3.232891253651827e-23,0.493,20260820,10000,6.927624114968202e-23,-0.03981144726095831
"B2. Volume-adjusted, patients only (n=432)",R-Hippocampus,432,0.5462351414389439,0.47079557848512643,0.6117176140589109,6.847988436541898e-35,0.534,20260820,10000,2.5679956637032116e-34,0.012235141438943886
"B2. Volume-adjusted, patients only (n=432)",L-Amygdala,432,0.053762815519541964,-0.04267215875171404,0.14906193479524502,0.26540393549186847,0.109,20260820,10000,0.28436135945557334,-0.055237184480458036
"B2. Volume-adjusted, patients only (n=432)",R-Amygdala,432,0.1590122014116196,0.05886954053567808,0.2521546569836374,0.0009240234238910823,0.162,20260820,10000,0.001155029279863853,-0.0029877985883804137
"B2. Volume-adjusted, patients only (n=432)",L-Thalamus,432,0.4763614219769023,0.39709759265558503,0.5483320880538517,8.477566147241779e-26,0.493,20260820,10000,2.1193915368104443e-25,-0.016638578023097705
"B2. Volume-adjusted, patients only (n=432)",R-Thalamus,432,0.49416368049091397,0.4184703209393702,0.5650707900412039,6.413250217761421e-28,0.487,20260820,10000,1.9239750653284263e-27,0.007163680490913982
"B2. Volume-adjusted, patients only (n=432)",L-Caudate,432,-0.06502910231921727,-0.16288300094588887,0.03285443246002151,0.17780469286975648,-0.019,20260820,10000,0.20515926100356519,-0.046029102319217266
"B2. Volume-adjusted, patients only (n=432)",R-Caudate,432,0.02796495610413759,-0.06775630632016641,0.12230050665528666,0.5625926885469777,0.047,20260820,10000,0.5625926885469777,-0.01903504389586241
"B2. Volume-adjusted, patients only (n=432)",L-Putamen,432,0.3806297995216931,0.29450283572884933,0.45697711738050567,2.624868722667823e-16,0.433,20260820,10000,4.374781204446372e-16,-0.05237020047830687
"B2. Volume-adjusted, patients only (n=432)",R-Putamen,432,0.40296700935075486,0.31732449868514934,0.4822220555072463,2.9407565834906803e-18,0.451,20260820,10000,5.5139185940450256e-18,-0.048032990649245155
"B2. Volume-adjusted, patients only (n=432)",L-Pallidum,432,0.16675230326992557,0.07412899609831225,0.25845331160168883,0.0005086055014316932,0.239,20260820,10000,0.0006935529564977634,-0.07224769673007442
"B2. Volume-adjusted, patients only (n=432)",R-Pallidum,432,0.26288819638934063,0.17316207814941412,0.35010628638241675,3.0319012223204926e-08,0.259,20260820,10000,4.547851833480739e-08,0.0038881963893406257
"B2. Volume-adjusted, patients only (n=432)",L-Cerebral-WM,432,0.6560951021095952,0.5916707163435239,0.7121047108200655,2.1231848755516497e-54,0.668,20260820,10000,1.5923886566637372e-53,-0.01190489789040483
"B2. Volume-adjusted, patients only (n=432)",R-Cerebral-WM,432,0.6585534122831104,0.5938731719069422,0.7145985790242347,6.241178605267492e-55,0.676,20260820,10000,9.361767907901238e-54,-0.017446587716889672
"B2. Volume-adjusted, patients only (n=432)",Brain-Stem,432,0.5611898921195331,0.48806821693232544,0.6264232915415566,3.969842770298986e-37,0.57,20260820,10000,1.984921385149493e-36,-0.008810107880466878
