region,n,predictor_family,term,contrast,beta,se_conventional,ci95_low_conventional,ci95_high_conventional,p_conventional,se_hc3,ci95_low_hc3,ci95_high_hc3,p_hc3,p_fdr_conventional_165,p_fdr_hc3_165
Brain-Stem,432,Pathology,Pathology_DNT,DNT vs HS,-0.0488530346150989,0.0148590647043322,-0.0780612440873516,-0.0196448251428463,0.0010956479991037,0.0117498529812153,-0.0718823232819217,-0.0258237459482762,3.21387486028721e-05,0.1114615461465133,0.0053028935194738
L-Putamen,432,Region size,Region_size_z,"Reference-mask voxel count, per 1 SD",-0.0268007849640406,0.008415441320864,-0.0433428741057335,-0.0102586958223476,0.0015579970942036,0.0089871770132328,-0.0444153282326632,-0.0091862416954179,0.0028626553017733,0.1114615461465133,0.0944676249585204
R-Cerebral-WM,432,Region size,Region_size_z,"Reference-mask voxel count, per 1 SD",-0.019038943864021,0.0061936351823597,-0.0312136666612327,-0.0068642210668093,0.0022515367179356,0.0114855821389763,-0.0415502711978912,0.0034723834698491,0.0973904413019773,0.1114615461465133,0.5227599575085342
L-Thalamus,432,Pathology,Pathology_CAV,CAV vs HS,-0.0939245025766987,0.0311228318302952,-0.1551021210578888,-0.0327468840955088,0.0027020980884003,0.0246712291463657,-0.1422792231579104,-0.0455697819954871,0.0001406366324156,0.1114615461465133,0.0116025221742945
L-Thalamus,432,Pathology,Pathology_DNT,DNT vs HS,-0.0670051518787022,0.0252496917640158,-0.1166380393334668,-0.0173722644239377,0.0082664742196172,0.0187297513605221,-0.1037147899847157,-0.0302955137726888,0.0003469340198284,0.2727936492473705,0.0190813710905656
R-Putamen,432,Region size,Region_size_z,"Reference-mask voxel count, per 1 SD",-0.0231007054774986,0.0089542900514009,-0.0407020003571401,-0.0054994105978571,0.0102264807456088,0.0102753363548594,-0.0432399946620582,-0.002961416292939,0.0245653360735166,0.2806993498017732,0.3529427569495761
R-Caudate,432,Sex,Male,Male vs female,-0.0421196034140309,0.0166746829851198,-0.0748967427026691,-0.0093424641253927,0.0119084572643176,0.0172619882655457,-0.0759524787160536,-0.0082867281120082,0.0146864327663161,0.2806993498017732,0.2692512673824625
R-Thalamus,432,Pathology,Pathology_DNT,DNT vs HS,-0.0574512594286386,0.0240660674351124,-0.1047575167742424,-0.0101450020830347,0.0174215833055606,0.0183529164778509,-0.0934223147364981,-0.021480204120779,0.0017459142657905,0.3425590288391683,0.0720189634638605
R-Putamen,432,Pathology,Pathology_CAV,CAV vs HS,-0.0763492407471208,0.0323373900006157,-0.1399142954607281,-0.0127841860335135,0.0186850379366819,0.0270241924289695,-0.1293156846191811,-0.0233827968750605,0.0047248425819757,0.3425590288391683,0.1113712894322849
L-Cerebral-WM,432,Region size,Region_size_z,"Reference-mask voxel count, per 1 SD",-0.0136539756703004,0.0059297048290788,-0.0253098950839809,-0.0019980562566198,0.0217919006219274,0.0109941994758307,-0.0352022106817778,0.007894259341177,0.214264084592468,0.3456647322599294,0.6724539864923721
R-Pallidum,432,Pathology,Pathology_CAV,CAV vs HS,-0.0743867969105803,0.0326093459976431,-0.1384864308784321,-0.0102871629427284,0.0230443154839952,0.0284793699797796,-0.1302053363733396,-0.018568257447821,0.0090026435114689,0.3456647322599294,0.1856795224240468
L-Caudate,432,Sex,Male,Male vs female,-0.0384846512901306,0.0174128021553789,-0.0727126988135332,-0.0042566037667279,0.0276394755983332,0.0175972586160098,-0.0729746444041471,-0.0039946581761141,0.0287448194286482,0.3800427894770815,0.3529427569495761
L-Hippocampus,432,Age,Age_rank_z,"Age-band rank, per 1 SD",0.0154515356827894,0.007112095867871,0.0014714104172365,0.0294316609483423,0.0303765114890036,0.0074659821569001,0.0008184795460464,0.0300845918195324,0.0384905836965035,0.3855480304373536,0.3643966171013381
L-Hippocampus,432,Operation type,Extra_temporal,Extra-temporal vs temporal,0.0526372036876642,0.0247710866038565,0.0039451022144263,0.1013293051609021,0.0341800898636807,0.0253837168281711,0.0028860329106854,0.102388374464643,0.0381108786395464,0.3938804270678713,0.3643966171013381
R-Caudate,432,Operation type,Extra_temporal,Extra-temporal vs temporal,0.0589042006990593,0.0279703659799773,0.0039233304481507,0.1138850709499678,0.0358073115516246,0.0292694484362924,0.0015371359165739,0.1162712654815447,0.0441692869213743,0.3938804270678713,0.3643966171013381
L-Hippocampus,432,Pathology,Pathology_CAV,CAV vs HS,-0.0599574377270819,0.0295698742058907,-0.1180824339539309,-0.0018324415002329,0.0432326488419239,0.0211781687510839,-0.101465885737718,-0.0184489897164457,0.0046388734617534,0.4260783721161824,0.1113712894322849
L-Cerebral-WM,432,Operation type,Extra_temporal,Extra-temporal vs temporal,0.0375041742930724,0.018643154238871,0.0008576447121292,0.0741507038740155,0.0448973861095707,0.0201260530051273,-0.0019421647479213,0.0769505133340661,0.0623970195325383,0.4260783721161824,0.4323357716958556
L-Thalamus,432,Pathology,Pathology_FCD,FCD vs HS,-0.074455442126755,0.0372845158653768,-0.1477449775811598,-0.0011659066723503,0.0464812769581289,0.0369669973498363,-0.1469094255490219,-0.0020014587044881,0.0439984313905433,0.4260783721161824,0.3643966171013381
Brain-Stem,432,Pathology,Pathology_CAV,CAV vs HS,-0.03515997997316,0.0182528337572819,-0.0710392632560073,0.0007193033096872,0.0547510562091812,0.0161420111119955,-0.0667977403907166,-0.0035222195556033,0.0293936794485323,0.4606281856995818,0.3529427569495761
L-Amygdala,432,Age,Age_rank_z,"Age-band rank, per 1 SD",0.01301607420046,0.0067963261862501,-0.0003433480000418,0.0263754964009619,0.0561570889603825,0.006381990931138,0.0005076018257681,0.0255245465751519,0.0414000934779347,0.4606281856995818,0.3643966171013381
R-Thalamus,432,Pathology,Pathology_CAV,CAV vs HS,-0.0554815081905419,0.0298777338561364,-0.1142116588689903,0.0032486424879064,0.064024646186119,0.0274664033560383,-0.1093146695532271,-0.0016483468278567,0.0433857539082866,0.4606281856995818,0.3643966171013381
R-Cerebral-WM,432,Operation type,Extra_temporal,Extra-temporal vs temporal,0.0358641512441642,0.0193846725964401,-0.002239968295929,0.0739682707842575,0.0650038196353725,0.0207592989604912,-0.0048233270626984,0.0765516295510269,0.0840566238364825,0.4606281856995818,0.5136793678896159
L-Pallidum,432,Pathology,Pathology_CAV,CAV vs HS,-0.0614590011552775,0.0333692229223284,-0.1270523122038185,0.0041343098932635,0.0662179602421842,0.0264940895217066,-0.1133864624210025,-0.0095315398895524,0.02035575988801,0.4606281856995818,0.3358700381521655
L-Thalamus,432,Operation type,Extra_temporal,Extra-temporal vs temporal,0.0488694076036789,0.0266104073304391,-0.0034382151784482,0.1011770303858062,0.0670004633744846,0.0285905028718944,-0.007166948325123,0.1049057635324809,0.0873975882761516,0.4606281856995818,0.5150215023416082
R-Cerebral-WM,432,Pathology,Pathology_CAV,CAV vs HS,-0.0397652403728163,0.0225505433866761,-0.0840924580044294,0.0045619772587967,0.0785700245746413,0.0202730024195651,-0.0794995949736574,-3.0885771975235066e-05,0.0498221843999315,0.5086633897722981,0.3784230400234933
R-Thalamus,432,Age,Age_rank_z,"Age-band rank, per 1 SD",0.0133788231504602,0.0076272569080566,-0.0016139453650608,0.0283715916659813,0.0801530189944227,0.0076421598035347,-0.0015995348285674,0.0283571811294879,0.0800045008884679,0.5086633897722981,0.5136793678896159
R-Hippocampus,432,Age,Age_rank_z,"Age-band rank, per 1 SD",0.0122024768427662,0.0072653779065989,-0.0020789523059438,0.0264839059914762,0.0937980939522081,0.007279480126034,-0.0020650420304355,0.026469995715968,0.0936825564358645,0.5695997045065637,0.5227599575085342
L-Cerebral-WM,432,Pathology,Pathology_CAV,CAV vs HS,-0.0356490020948832,0.021704174717768,-0.0783125273027725,0.0070145231130061,0.1012430651446086,0.0191661066478336,-0.0732138808484907,0.0019158766587243,0.0628852031557608,0.5695997045065637,0.4323357716958556
L-Hippocampus,432,Pathology,Pathology_DNT,DNT vs HS,-0.0396109065416932,0.0246743250625711,-0.0881128055073735,0.0088909924239871,0.1091758086550291,0.0182471874059685,-0.0753747366765444,-0.0038470764068419,0.0299466581654185,0.5695997045065637,0.3529427569495761
Brain-Stem,432,Operation side,Right_side,Right vs left,0.0143353642318776,0.0089792288490254,-0.0033149524159232,0.0319856808796786,0.1111359021461707,0.0095134803966428,-0.00431071471317,0.0329814431769254,0.1318497488400785,0.5695997045065637,0.5740088092953265
L-Putamen,432,Pathology,Pathology_CAV,CAV vs HS,-0.0496261056553003,0.0311203891992246,-0.1107989226983518,0.0115467113877511,0.1115501112203891,0.0253702563063881,-0.0993508942943713,9.868298377063016e-05,0.0504564053364657,0.5695997045065637,0.3784230400234933
R-Amygdala,432,Pathology,Pathology_OTHER,Other vs HS,0.0337078685535378,0.0212015169299154,-0.0079675908337498,0.0753833279408255,0.112621492155261,0.0222961098191865,-0.0099917036874175,0.0774074407944933,0.1305777905309532,0.5695997045065637,0.5740088092953265
R-Thalamus,432,Sex,Male,Male vs female,-0.0238112650424764,0.015305064280735,-0.053896168257661,0.0062736381727081,0.1205215745865893,0.0148651687153546,-0.0529464603486831,0.0053239302637302,0.1091963045849283,0.5695997045065637,0.5630434455160369
L-Amygdala,432,Pathology,Pathology_FCD,FCD vs HS,-0.0511289849055551,0.0329282502880033,-0.1158554835852703,0.0135975137741599,0.1212458672764044,0.0333690725207603,-0.1165311652437506,0.0142731954326402,0.1254664943276029,0.5695997045065637,0.5740088092953265
R-Hippocampus,432,Region size,Region_size_z,"Reference-mask voxel count, per 1 SD",-0.0127558089656797,0.0082380238501242,-0.0289491516181071,0.0034375336867475,0.1222848686014145,0.0092017550108342,-0.0307909173814757,0.0052792994501162,0.1656746893876262,0.5695997045065637,0.6174094023284129
R-Cerebral-WM,432,Sex,Male,Male vs female,0.0190115898757449,0.0123437300961138,-0.0052522693570051,0.043275449108495,0.1242762991650684,0.0114973200463035,-0.0035227433337403,0.0415459230852303,0.09821550716827,0.5695997045065637,0.5227599575085342
R-Pallidum,432,Pathology,Pathology_DNT,DNT vs HS,-0.0404187036804641,0.026536002414519,-0.0925800699913261,0.0117426626303978,0.1284772794114685,0.0232537461764509,-0.085995208691944,0.0051578013310157,0.0821828354633653,0.5729392189970893,0.5136793678896159
R-Thalamus,432,Pathology,Pathology_FCD,FCD vs HS,-0.0524841401936867,0.0356066888360429,-0.1224755997391343,0.0175073193517609,0.1412387979747473,0.0380197884728371,-0.1270015563002785,0.0220332759129051,0.1674503746535922,0.6013382931494208,0.6174094023284129
L-Thalamus,432,Region size,Region_size_z,"Reference-mask voxel count, per 1 SD",0.0126315240306976,0.0086766290628957,-0.0044239773904789,0.0296870254518742,0.146199372950413,0.0111991672435131,-0.0093184404234288,0.0345814884848241,0.2593627838421409,0.6013382931494208,0.701555071048414
R-Thalamus,432,Operation type,Extra_temporal,Extra-temporal vs temporal,0.0366119820297495,0.0254163780041188,-0.0133485577176691,0.0865725217771681,0.150481627122138,0.0259297929713759,-0.0142094783207271,0.0874334423802262,0.1579600183470371,0.6013382931494208,0.6174094023284129
L-Caudate,432,Region size,Region_size_z,"Reference-mask voxel count, per 1 SD",-0.0126341194571215,0.0089373212269441,-0.0302020590086119,0.0049338200943689,0.1582166547846081,0.0083919842183687,-0.0290821062839528,0.0038138673697097,0.1321959682013479,0.6013382931494208,0.5740088092953265
L-Thalamus,432,Age,Age_rank_z,"Age-band rank, per 1 SD",0.0111665508091718,0.0080453414274491,-0.0046480392989264,0.0269811409172702,0.1658944382999556,0.0082383552268448,-0.0049803287272913,0.0273134303456351,0.175279167418583,0.6013382931494208,0.6174094023284129
Brain-Stem,432,Pathology,Pathology_OTHER,Other vs HS,-0.0182428805417288,0.0134266673471792,-0.0446354510159879,0.0081496899325302,0.1749763244060534,0.0118605251222143,-0.0414890826190014,0.0050033215355438,0.1240199024557714,0.6013382931494208,0.5740088092953265
R-Amygdala,432,Age,Age_rank_z,"Age-band rank, per 1 SD",0.0096430026582815,0.00712959096337,-0.0043715124174135,0.0236575177339766,0.1769397806636443,0.0075055791023383,-0.005067662065418,0.0243536673819811,0.1988698839198897,0.6013382931494208,0.6724539864923721
L-Hippocampus,432,Region size,Region_size_z,"Reference-mask voxel count, per 1 SD",-0.0115922942494219,0.008653545027638,-0.0286024197771161,0.0054178312782721,0.1811065747128024,0.0108974420593591,-0.0329508882093778,0.0097662997105338,0.2874361351804928,0.6013382931494208,0.7391470058062454
R-Hippocampus,432,Pathology,Pathology_OTHER,Other vs HS,0.0292151945000708,0.0218202716115892,-0.0136765403873159,0.0721069293874576,0.1813339034438749,0.023442852132464,-0.0167319513744567,0.0751623403745984,0.2126798290982859,0.6013382931494208,0.6724539864923721
Brain-Stem,432,Operation type,Extra_temporal,Extra-temporal vs temporal,0.0209929357952137,0.0157918683148375,-0.010048869787847,0.0520347413782745,0.1844607434804931,0.0138692038303688,-0.0061902042065541,0.0481760757969816,0.1301180098735599,0.6013382931494208,0.5740088092953265
L-Cerebral-WM,432,Pathology,Pathology_DNT,DNT vs HS,-0.0232220673734364,0.0176061188048978,-0.0578301141300328,0.0113859793831599,0.1879023497106257,0.0159794359679929,-0.0545411863639665,0.0080970516170936,0.1461551870425127,0.6013382931494208,0.6133831770140215
R-Putamen,432,Pathology,Pathology_DNT,DNT vs HS,-0.0347498490523357,0.026363006063008,-0.0865711593924206,0.017071461287749,0.188185719386535,0.0240626211806276,-0.0819117199399967,0.0124120218353251,0.1486989520033991,0.6013382931494208,0.6133831770140215
R-Caudate,432,Pathology,Pathology_FCD,FCD vs HS,-0.0510011790997908,0.0390635555742995,-0.1277877424971803,0.0257853842975985,0.1924119210682497,0.0438424810473749,-0.1369308629455257,0.0349285047459439,0.2447150132096206,0.6013382931494208,0.6843724945692781
L-Amygdala,432,Operation side,Right_side,Right vs left,-0.0173220577825379,0.0135074021263813,-0.0438733272321062,0.0092292116670303,0.2004122053493294,0.0144785917702838,-0.0456995761991523,0.0110554606340764,0.231543987686668,0.6013382931494208,0.6724539864923721
L-Cerebral-WM,432,Pathology,Pathology_FCD,FCD vs HS,-0.0330625542050918,0.0258812663563362,-0.0839369170391558,0.0178118086289721,0.2021486581004577,0.0289789341710182,-0.0898602214906446,0.023735113080461,0.2539045279665149,0.6013382931494208,0.6982374519079162
R-Cerebral-WM,432,Pathology,Pathology_DNT,DNT vs HS,-0.0230254947414447,0.0182452353594616,-0.0588898419835919,0.0128388525007024,0.207655720012233,0.0170107221787862,-0.0563658975628824,0.0103149080799929,0.175868132784457,0.6013382931494208,0.6174094023284129
L-Hippocampus,432,Pathology,Pathology_FCD,FCD vs HS,-0.0443237888022182,0.0351774343971558,-0.1134714702352889,0.0248238926308525,0.2083734640528589,0.0371081393877068,-0.1170544055354157,0.0284068279309793,0.2323022862428194,0.6013382931494208,0.6724539864923721
L-Caudate,432,Number of ASMs,ASMs_z,"Number of ASMs, per 1 SD",-0.0109443727909711,0.0087754666130163,-0.0281941574947829,0.0063054119128407,0.2130421049062492,0.0087409489869995,-0.0280763179961921,0.0061875724142498,0.2105404902029307,0.6013382931494208,0.6724539864923721
L-Pallidum,432,Pathology,Pathology_FCD,FCD vs HS,-0.0496710708116793,0.039950992733979,-0.1282020542630323,0.0288599126396736,0.2144575205058477,0.0404817995771424,-0.1290139400122474,0.0296717983888887,0.2198234940187821,0.6013382931494208,0.6724539864923721
L-Cerebral-WM,432,Age,Age_rank_z,"Age-band rank, per 1 SD",0.0065969773824842,0.0053297525675258,-0.0038796261268996,0.0170735808918682,0.2165016036565912,0.0055926278952892,-0.0043643718712166,0.0175583266361852,0.2381654962370494,0.6013382931494208,0.6775397737778129
R-Caudate,432,Operation side,Right_side,Right vs left,0.0197204194046482,0.0159671703346212,-0.0116659743618975,0.051106813171194,0.2175051257164055,0.0164237197417208,-0.0124694797813042,0.0519103185906006,0.2298567468348097,0.6013382931494208,0.6724539864923721
Brain-Stem,432,Region size,Region_size_z,"Reference-mask voxel count, per 1 SD",0.0060105344974527,0.0048676301800614,-0.0035576829349165,0.0155787519298219,0.2176031030547627,0.0065262501096464,-0.0067806806715548,0.0188017496664603,0.3570617752405771,0.6013382931494208,0.8070574371876058
R-Amygdala,432,Region size,Region_size_z,"Reference-mask voxel count, per 1 SD",-0.0094964036388105,0.0077085135072885,-0.0246488968623529,0.0056560895847317,0.218668470236153,0.0097034170725286,-0.0285147516279377,0.0095219443503166,0.3277450741778331,0.6013382931494208,0.7914156289964093
L-Pallidum,432,Pathology,Pathology_DNT,DNT vs HS,-0.033120980039249,0.0271229345939656,-0.0864360689015904,0.0201941088230923,0.2227235309881495,0.023505110472986,-0.079190150018937,0.0129481899404389,0.1588064955341042,0.6024488952958144,0.6174094023284129
R-Pallidum,432,Pathology,Pathology_FCD,FCD vs HS,-0.0463828630995331,0.0390956377860695,-0.1232324899521507,0.0304667637530844,0.2361435264990693,0.0429278533378072,-0.1305199095752529,0.0377541833761865,0.2799266621589832,0.6284464818120393,0.7331412580354322
L-Caudate,432,Pathology,Pathology_DUAL,Dual vs HS,-0.0472657445826572,0.040811042308339,-0.1274873127797046,0.0329558236143901,0.2474629349813338,0.0386901391319923,-0.123097023838206,0.0285655346728916,0.2218406366088158,0.6481172106653982,0.6724539864923721
L-Amygdala,432,Pathology,Pathology_CAV,CAV vs HS,-0.0313350636477281,0.0274154664136351,-0.0852251773071361,0.0225550500116797,0.2537082757471,0.0251561948739657,-0.0806402995887721,0.0179701722933157,0.2129038750456657,0.6540844288421437,0.6724539864923721
L-Amygdala,432,Pathology,Pathology_DUAL,Dual vs HS,0.0374979482144545,0.0332086146816945,-0.0277796579610849,0.1027755543899939,0.2594796660951575,0.0472606369061981,-0.0551311980081184,0.1301270944370274,0.4275280640165383,0.6540844288421437,0.8299017890588936
R-Cerebral-WM,432,Age,Age_rank_z,"Age-band rank, per 1 SD",0.0062167530602513,0.0055306005493346,-0.0046546538934598,0.0170881600139624,0.2616337715368574,0.0058896508462216,-0.0053267504798588,0.0177602566003615,0.29117912349943,0.6540844288421437,0.7391470058062454
Brain-Stem,432,Sex,Male,Male vs female,0.0107990082212407,0.0098544004967811,-0.0085716183734153,0.0301696348158968,0.2737756119349978,0.0098243090549209,-0.008456283699395,0.0300543001418765,0.2716751700035187,0.6742235219294723,0.723006500815816
R-Hippocampus,432,Pathology,Pathology_DNT,DNT vs HS,-0.0258328125798318,0.0242857588956216,-0.0735709136737132,0.0219052885140495,0.2880807244912348,0.0190121696349183,-0.0630959803322378,0.0114303551725741,0.1742253705440741,0.6990194050154963,0.6174094023284129
R-Cerebral-WM,432,Pathology,Pathology_FCD,FCD vs HS,-0.0281378770983062,0.0268991870801256,-0.0810131492976763,0.0247373951010639,0.2961456647667084,0.0303997423721742,-0.087720277287064,0.0314445230904515,0.3546560215146636,0.7081744157464765,0.8070574371876058
L-Putamen,432,Operation side,Right_side,Right vs left,0.0158968472509772,0.0154222037490708,-0.0144183150146051,0.0462120095165596,0.3032444864884215,0.0156156224177383,-0.0147092102839661,0.0465029047859205,0.3086735850029733,0.7147905752941365,0.7716839625074334
R-Caudate,432,Region size,Region_size_z,"Reference-mask voxel count, per 1 SD",-0.0086596014359603,0.0084971706945806,-0.0253623446103969,0.0080431417384763,0.3087402742683333,0.0089073063210284,-0.0261176010244421,0.0087983981525214,0.3309556266712257,0.7174950035813379,0.7914156289964093
R-Putamen,432,Pathology,Pathology_FCD,FCD vs HS,-0.038238394840267,0.0388539880704824,-0.1146130149779788,0.0381362252974446,0.3256107305634749,0.0435623134980314,-0.1236189603796518,0.0471421706991176,0.3800597895783402,0.7413050939413636,0.8186949876826999
L-Putamen,432,Number of ASMs,ASMs_z,"Number of ASMs, per 1 SD",0.0078314774255684,0.0079965259454115,-0.0078871569239936,0.0235501117751305,0.3279713445922396,0.0079467501627274,-0.0077438666875151,0.0234068215386521,0.3243813029215551,0.7413050939413636,0.7914156289964093
L-Cerebral-WM,432,Sex,Male,Male vs female,0.0112227264903448,0.0117425788670694,-0.011859460048207,0.0343049130288967,0.3397640739123347,0.0123127918478299,-0.0129099020805403,0.0353553550612299,0.3620483798657635,0.7463880062679173,0.8072700361871755
R-Pallidum,432,Sex,Male,Male vs female,-0.0162699056154732,0.0170725111813853,-0.0498290489886015,0.0172892377576551,0.3411493247742402,0.017322826196844,-0.0502220210717344,0.017682209840788,0.3476189643139011,0.7463880062679173,0.8070574371876058
L-Putamen,432,Pathology,Pathology_FCD,FCD vs HS,-0.0346693676420422,0.0373471888496379,-0.1080820983102086,0.0387433630261241,0.3537906563550825,0.0439249703673611,-0.1207607275840592,0.0514219922999747,0.4299448210087937,0.7463880062679173,0.8299017890588936
L-Pallidum,432,Region size,Region_size_z,"Reference-mask voxel count, per 1 SD",-0.0082854000599508,0.0089307890723267,-0.0258404994667776,0.0092696993468758,0.3540833185091985,0.010903503925817,-0.0296558750598433,0.0130850749399416,0.4473238231037846,0.7463880062679173,0.8304558004573753
R-Hippocampus,432,Operation type,Extra_temporal,Extra-temporal vs temporal,0.0230276947591518,0.0249799702289594,-0.0260750056850661,0.0721303952033699,0.3571430274260818,0.0243049196420405,-0.0246090723863877,0.0706644619046915,0.3434095514951983,0.7463880062679173,0.8070574371876058
R-Putamen,432,Pathology,Pathology_DUAL,Dual vs HS,-0.0354355522272739,0.0384572495549885,-0.11103031024736,0.0401592057928122,0.3573615302737301,0.0428775604560964,-0.1194740264661618,0.048602922011614,0.4085569058489143,0.7463880062679173,0.8220962129886692
L-Pallidum,432,Sex,Male,Male vs female,-0.0154382057684646,0.0178288625145488,-0.0504840960272981,0.0196076844903688,0.3870381550027924,0.0184177529477496,-0.0515363382222104,0.020659926685281,0.4019048121351436,0.7902305836944067,0.8186949876826999
L-Thalamus,432,Sex,Male,Male vs female,-0.0139641780042861,0.016156980179928,-0.0457236777389351,0.0177953217303628,0.3879313774499814,0.0165014667790611,-0.04630645858333,0.0183781025747577,0.3974196573488479,0.7902305836944067,0.8186949876826999
L-Putamen,432,Age,Age_rank_z,"Age-band rank, per 1 SD",-0.0067333477347116,0.0079863689036075,-0.0224320165608351,0.0089653210914118,0.3996542068382049,0.0079058608769094,-0.0222285503202384,0.0087618548508151,0.3943858152695723,0.8041822454671198,0.8186949876826999
L-Amygdala,432,Pathology,Pathology_OTHER,Other vs HS,0.0167068063424572,0.0202310332672047,-0.0230609898995459,0.0564746025844603,0.4093903513522103,0.0212872409114333,-0.0250154191741796,0.0584290318590941,0.4325548718731202,0.8138482888327072,0.8299017890588936
R-Pallidum,432,Operation type,Extra_temporal,Extra-temporal vs temporal,0.0226210180337059,0.0280153836625728,-0.0324483427062993,0.0776903787737111,0.4198687762904263,0.0304907916319841,-0.0371398354250983,0.0823818714925102,0.4581499186059907,0.8161772550289619,0.8399415174443163
R-Caudate,432,Pathology,Pathology_CAV,CAV vs HS,-0.0262590598998575,0.0325620524763477,-0.0902657298013858,0.0377476100016708,0.4204549495603742,0.0305407179559867,-0.0861177671555872,0.0335996473558721,0.3898965805840356,0.8161772550289619,0.8186949876826999
R-Thalamus,432,Region size,Region_size_z,"Reference-mask voxel count, per 1 SD",0.0062992033904359,0.0079614326504145,-0.0093504486690737,0.0219488554499455,0.4292695221436914,0.0102301067359967,-0.0137514373701183,0.0263498441509902,0.5380585531530369,0.8235985017873149,0.8877966127025109
Brain-Stem,432,Number of ASMs,ASMs_z,"Number of ASMs, per 1 SD",-0.0035978402009802,0.0046839548292607,-0.0128050101362272,0.0056093297342667,0.4428515887444241,0.0041765988890744,-0.0117838236014361,0.0045881431994756,0.3890022319281478,0.8326051741750976,0.8186949876826999
R-Hippocampus,432,Pathology,Pathology_DUAL,Dual vs HS,0.0258217464557831,0.034817284933811,-0.0426179953339782,0.0942614882455445,0.4587264789264411,0.0403232339439579,-0.0532103398145574,0.1048538327261236,0.5219327727342692,0.8326051741750976,0.8698879545571152
R-Putamen,432,Sex,Male,Male vs female,0.0126795996326369,0.0173488600769177,-0.02142275804023,0.046781957305504,0.4652756862961894,0.0177966688972797,-0.0222012304508155,0.0475604297160895,0.4761735406966507,0.8326051741750976,0.8619950903315224
L-Caudate,432,Pathology,Pathology_DNT,DNT vs HS,-0.0203969264012385,0.0279505644637344,-0.0753388731501771,0.0345450203477,0.4659536722574253,0.0268787644341233,-0.0730783366410564,0.0322844838385794,0.4479428257012509,0.8326051741750976,0.8304558004573753
R-Thalamus,432,Operation side,Right_side,Right vs left,0.0105266091134521,0.0144832160411009,-0.0179428010666534,0.0389960192935577,0.4677484805442706,0.0149251455937115,-0.0187261387142392,0.0397793569411435,0.4806275655181822,0.8326051741750976,0.8619950903315224
L-Putamen,432,Pathology,Pathology_OTHER,Other vs HS,0.0165689217162675,0.0228923119480267,-0.0284301045338281,0.0615679479663631,0.4696096407573656,0.0249781545173336,-0.0323873615379828,0.0655252049705178,0.5071150617560343,0.8326051741750976,0.8626184040179964
R-Putamen,432,Operation type,Extra_temporal,Extra-temporal vs temporal,0.0199561074855094,0.0277849113396742,-0.0346602177493191,0.074572432720338,0.4730153160042029,0.0293618443595477,-0.0375920499788746,0.0775042649498936,0.4967189849441784,0.8326051741750976,0.8626184040179964
L-Putamen,432,Pathology,Pathology_DNT,DNT vs HS,-0.0181800397194605,0.0254165167462882,-0.0681408521899897,0.0317807727510686,0.4748345285732929,0.021360206951066,-0.060045276045872,0.0236851966069509,0.394704246885326,0.8326051741750976,0.8186949876826999
R-Thalamus,432,Number of ASMs,ASMs_z,"Number of ASMs, per 1 SD",0.0053667993652085,0.0075808635748321,-0.0095347745682914,0.0202683732987085,0.4793787366462683,0.0067808035903311,-0.0079233314580803,0.0186569301884973,0.4286700556097773,0.8326051741750976,0.8299017890588936
L-Caudate,432,Age,Age_rank_z,"Age-band rank, per 1 SD",0.0061410150035775,0.0088016999863229,-0.0111603361936811,0.0234423662008361,0.485749699325293,0.0090176548498699,-0.0115332637271805,0.0238152937343355,0.4958720482138575,0.8348822957153473,0.8626184040179964
L-Amygdala,432,Operation type,Extra_temporal,Extra-temporal vs temporal,0.0160560957023108,0.0235485094465811,-0.0302328067529376,0.0623449981575594,0.4957254595449101,0.0280190320457612,-0.0388601979890548,0.0709723893936766,0.5666159294687254,0.8401725927578203,0.9040276950242128
L-Cerebral-WM,432,Number of ASMs,ASMs_z,"Number of ASMs, per 1 SD",0.0036990362651762,0.0055250000781194,-0.0071613619380078,0.0145594344683603,0.5035423719673324,0.0053395448689252,-0.0067662793717528,0.0141643519021053,0.4884586312834795,0.8401725927578203,0.8626184040179964
R-Amygdala,432,Operation type,Extra_temporal,Extra-temporal vs temporal,-0.0165409997317494,0.0247387129008598,-0.065169464770438,0.0320874653069392,0.5041035556546922,0.0246754269958828,-0.0649039479468271,0.0318219484833283,0.5026391623365091,0.8401725927578203,0.8626184040179964
L-Cerebral-WM,432,Operation side,Right_side,Right vs left,0.0068718746179623,0.0107629502685179,-0.0142846727312562,0.0280284219671809,0.5235158597311929,0.0105877084573855,-0.0138796526373234,0.0276234018732481,0.5163107930639961,0.8638011685564682,0.8692987842404016
R-Hippocampus,432,Pathology,Pathology_CAV,CAV vs HS,-0.0186502327485944,0.029675675197182,-0.0769832001753471,0.0396827346781582,0.5300418441577769,0.0242679280969237,-0.0662144977979727,0.0289140323007837,0.4421821149382794,0.8659099434260712,0.8304558004573753
L-Putamen,432,Operation type,Extra_temporal,Extra-temporal vs temporal,0.0165865087090487,0.0267381424735772,-0.0359722008603012,0.0691452182783987,0.5353793128688507,0.0302588105549521,-0.0427196701936778,0.0758926876117753,0.5835856955810077,0.8660547708172583,0.9040276950242128
R-Pallidum,432,Operation side,Right_side,Right vs left,0.009869741993192,0.0161573980852672,-0.0218905792108381,0.0416300631972222,0.5416326804757193,0.0166763140563709,-0.022815232952174,0.0425547169385581,0.5539564385730056,0.8676640027038223,0.8961060035739796
L-Pallidum,432,Pathology,Pathology_DUAL,Dual vs HS,0.0231916673503552,0.0398524288701058,-0.0551455707987404,0.1015289054994509,0.5609232515484799,0.0461925586531511,-0.067344083963575,0.1137274186642856,0.6156217931284057,0.8740540740962318,0.9040276950242128
L-Caudate,432,Pathology,Pathology_OTHER,Other vs HS,-0.0139168518919088,0.0251741510348927,-0.0634012502268117,0.035567546442994,0.580681487970715,0.0271881715576665,-0.0672046889504315,0.0393709851666138,0.6087409009291208,0.8740540740962318,0.9040276950242128
L-Caudate,432,Operation side,Right_side,Right vs left,0.0092347650561033,0.0168218792291289,-0.0238317153730505,0.0423012454852572,0.5833182000084772,0.0171165987552731,-0.024313152042055,0.0427826821542617,0.5895273874535097,0.8740540740962318,0.9040276950242128
Brain-Stem,432,Pathology,Pathology_FCD,FCD vs HS,-0.0120160279488576,0.0219064051223961,-0.0550770740059773,0.031045018108262,0.5836314442190546,0.0258526695411283,-0.0626863291536849,0.0386542732559696,0.6420828006491781,0.8740540740962318,0.911641487746774
R-Putamen,432,Pathology,Pathology_OTHER,Other vs HS,-0.0129472525065157,0.0238193909466534,-0.0597686220957127,0.0338741170826811,0.5870359027476919,0.0256670471584169,-0.0632537405265041,0.0373592355134725,0.6139585864893349,0.8740540740962318,0.9040276950242128
L-Caudate,432,Pathology,Pathology_CAV,CAV vs HS,-0.0183461856114683,0.0342314189853231,-0.0856343007217184,0.0489419294987817,0.5922824372016549,0.0305068453543315,-0.0781385037878912,0.0414461325649545,0.5475873759638659,0.8740540740962318,0.8945734359805729
L-Hippocampus,432,Sex,Male,Male vs female,0.0077611714962469,0.0147809871321196,-0.0212935622270505,0.0368159052195444,0.5998086754576342,0.0161149081323789,-0.0238234680573873,0.0393458110498812,0.6300799086532392,0.8740540740962318,0.9040276950242128
R-Putamen,432,Operation side,Right_side,Right vs left,0.008331651030483,0.015870923951503,-0.0228655528661078,0.039528854927074,0.5998884244709596,0.0165351841120176,-0.0240767143068103,0.0407400163677765,0.6143498512560098,0.8740540740962318,0.9040276950242128
L-Thalamus,432,Operation side,Right_side,Right vs left,0.008246512602754,0.0157507744405512,-0.0227145154541258,0.0392075406596338,0.6008617574385331,0.0152592311841773,-0.0216610309500041,0.0381540561555121,0.5889020463691694,0.8740540740962318,0.9040276950242128
L-Hippocampus,432,Number of ASMs,ASMs_z,"Number of ASMs, per 1 SD",-0.0038153911981879,0.0073734993395111,-0.0183093527992277,0.0106785704028518,0.6051195582212985,0.0072941216802345,-0.0181116069903005,0.0104808245939245,0.6009202971625678,0.8740540740962318,0.9040276950242128
R-Hippocampus,432,Pathology,Pathology_FCD,FCD vs HS,-0.0180860631901798,0.0350732596064578,-0.087028970018053,0.0508568436376933,0.6063621267805054,0.0363486794958555,-0.0893281658876462,0.0531560395072865,0.618786169153751,0.8740540740962318,0.9040276950242128
L-Amygdala,432,Region size,Region_size_z,"Reference-mask voxel count, per 1 SD",-0.0036857316673635,0.0072040566635383,-0.0178466226968813,0.0104751593621543,0.6091892031579798,0.0076182930196394,-0.0186173116095297,0.0112458482748027,0.6285276749149434,0.8740540740962318,0.9040276950242128
R-Caudate,432,Number of ASMs,ASMs_z,"Number of ASMs, per 1 SD",0.0041563663040151,0.0083608733642473,-0.0122784595382005,0.0205911921462308,0.619366302647479,0.0084416739432137,-0.012389010593914,0.0207017432019443,0.6224628850737071,0.880995171869259,0.9040276950242128
L-Hippocampus,432,Pathology,Pathology_DUAL,Dual vs HS,0.0165978742875273,0.0348240455096616,-0.0518551566506109,0.0850509052256656,0.6338822190780052,0.0415623173888183,-0.0648627709085794,0.0980585194836342,0.6896359888976606,0.8881259640007451,0.921045764869576
L-Thalamus,432,Pathology,Pathology_OTHER,Other vs HS,-0.0108318730516202,0.0228112511886489,-0.0556715595527479,0.0340078134495074,0.6351446288005328,0.0249698527581189,-0.0597718851568014,0.0381081390535609,0.6644351089288474,0.8881259640007451,0.921045764869576
R-Caudate,432,Pathology,Pathology_DNT,DNT vs HS,-0.0117400258447272,0.026631339076783,-0.0640887938028125,0.040608742113358,0.6595614674834506,0.025593122619995,-0.0619016244318349,0.0384215727423804,0.6464366913113488,0.9145180011325156,0.911641487746774
L-Hippocampus,432,Operation side,Right_side,Right vs left,0.006530397696036,0.0154962257907088,-0.0239302684313806,0.0369910638234527,0.6736671042053932,0.0155784833683717,-0.0240028686397289,0.0370636640318009,0.675074781780409,0.9229091460361954,0.921045764869576
L-Hippocampus,432,Pathology,Pathology_OTHER,Other vs HS,0.0088398521907702,0.0219725942115147,-0.0343513006273214,0.052031005008862,0.6876605962126089,0.0221554263651346,-0.0345839855470227,0.0522636899285633,0.689898622884958,0.9229091460361954,0.921045764869576
R-Putamen,432,Number of ASMs,ASMs_z,"Number of ASMs, per 1 SD",-0.003326807647326,0.0083068521055043,-0.0196554448247288,0.0130018295300768,0.6890015536743871,0.0078853328365521,-0.0187817760130792,0.0121281607184272,0.6730993316002302,0.9229091460361954,0.921045764869576
L-Putamen,432,Sex,Male,Male vs female,-0.0065009396557294,0.0163804318257861,-0.0386996744707156,0.0256977951592566,0.6916651530863422,0.0171786065896425,-0.0401703898760113,0.0271685105645523,0.7051094749439852,0.9229091460361954,0.921045764869576
L-Cerebral-WM,432,Pathology,Pathology_OTHER,Other vs HS,0.0062471968650266,0.0159197545789665,-0.0250459925612054,0.0375403862912587,0.6949504319460594,0.0166776496401698,-0.0264403957764835,0.0389347895065368,0.7079691538254262,0.9229091460361954,0.921045764869576
L-Pallidum,432,Number of ASMs,ASMs_z,"Number of ASMs, per 1 SD",0.0033043257527126,0.0085448603317185,-0.0134921601261872,0.0201008116316125,0.6991735954819662,0.0084045156619329,-0.0131682222521787,0.0197768737576041,0.6942007509154926,0.9229091460361954,0.921045764869576
L-Pallidum,432,Age,Age_rank_z,"Age-band rank, per 1 SD",0.0031150663980634,0.0083256710762857,-0.0132505629084922,0.0194806957046192,0.7084818706678605,0.0083447016802747,-0.0132402483570059,0.0194703811531329,0.7089261341723403,0.9265171235858966,0.921045764869576
R-Hippocampus,432,Number of ASMs,ASMs_z,"Number of ASMs, per 1 SD",0.0027050857380438,0.0074614454472176,-0.0119617500234681,0.0173719214995557,0.7171313203130325,0.0071575827234226,-0.0113235186162306,0.0167336900923183,0.7054804679651996,0.9265171235858966,0.921045764869576
L-Pallidum,432,Operation side,Right_side,Right vs left,0.0059648588273687,0.0165519985586541,-0.0265711217814672,0.0385008394362047,0.7187526776908774,0.0168169529062852,-0.0269957631986564,0.0389254808533939,0.7228194463576625,0.9265171235858966,0.9317594425704244
R-Pallidum,432,Pathology,Pathology_OTHER,Other vs HS,-0.0080633256709788,0.0239642764462897,-0.0551694942099801,0.0390428428680224,0.7366840709016985,0.0242097560404521,-0.0555135755847662,0.0393869242428084,0.7390882341889945,0.9284684368254,0.9380735280091084
R-Pallidum,432,Region size,Region_size_z,"Reference-mask voxel count, per 1 SD",-0.0028018151935152,0.0084482141520278,-0.0194083253291722,0.0138046949421418,0.7403237054067389,0.0116057475846736,-0.0255486624731382,0.0199450320861078,0.8092325773618222,0.9284684368254,0.9630421848965036
Brain-Stem,432,Age,Age_rank_z,"Age-band rank, per 1 SD",-0.0014883232211918,0.0045256013232663,-0.010384220376773,0.0074075739343894,0.7424213288585125,0.0047874681809247,-0.0108715884329358,0.0078949419905521,0.7558926253621541,0.9284684368254,0.9448657817026926
R-Amygdala,432,Pathology,Pathology_CAV,CAV vs HS,-0.0094604052559603,0.0288075990072013,-0.0660870101559087,0.047166199643988,0.7427747494603202,0.0282940616043159,-0.0649157469767771,0.0459949364648564,0.7381078443714829,0.9284684368254,0.9380735280091084
R-Cerebral-WM,432,Number of ASMs,ASMs_z,"Number of ASMs, per 1 SD",0.0017037570321723,0.0057354996236735,-0.0095704165291986,0.0129779305935433,0.7665730278175594,0.0054089786812732,-0.0088976463762681,0.0123051604406128,0.7527716556826964,0.9447737996193344,0.9448657817026926
R-Cerebral-WM,432,Operation side,Right_side,Right vs left,0.0032431987765103,0.0109515678801862,-0.0182841109875295,0.0247705085405502,0.767270843327217,0.0113540651923132,-0.0190103600785433,0.025496757631564,0.7751522718805345,0.9447737996193344,0.954478543733494
Brain-Stem,432,Pathology,Pathology_DUAL,Dual vs HS,-0.0061041836021783,0.0217449424250201,-0.0488478451952855,0.0366394779909288,0.7790667209839502,0.0246987139393568,-0.0545127733877752,0.0423044061834185,0.8047953837460481,0.9521926589803836,0.9630421848965036
R-Hippocampus,432,Sex,Male,Male vs female,0.0038495278770596,0.0150711638995186,-0.025775601357316,0.0334746571114353,0.7985223401799664,0.0148694975828007,-0.0252941518534352,0.0329932076075545,0.7957220004040944,0.96369689037271,0.9630421848965036
L-Amygdala,432,Pathology,Pathology_DNT,DNT vs HS,-0.0055766260864732,0.0226178803567018,-0.0500362068489342,0.0388829546759878,0.8053716998016368,0.0186412225437169,-0.0421127508999545,0.0309594987270081,0.7648213260346881,0.96369689037271,0.9488384871858913
R-Putamen,432,Age,Age_rank_z,"Age-band rank, per 1 SD",-0.0020800769871315,0.0084685576392243,-0.0187265759677971,0.014566421993534,0.8060948084325019,0.0089207926226565,-0.019564509241089,0.015404355266826,0.815628027604064,0.96369689037271,0.9630421848965036
R-Amygdala,432,Operation side,Right_side,Right vs left,0.0033042769693575,0.0141261838857322,-0.0244633212064367,0.0310718751451519,0.8151687476008238,0.01476869238831,-0.0256418282104808,0.032250382149196,0.8229633216388303,0.96369689037271,0.9630421848965036
R-Thalamus,432,Pathology,Pathology_DUAL,Dual vs HS,-0.008143567849104,0.0353035078091611,-0.0775390696329172,0.0612519339347092,0.8176822100132083,0.0358965990236305,-0.0784996091028956,0.0622124734046876,0.8205311898828461,0.96369689037271,0.9630421848965036
L-Thalamus,432,Number of ASMs,ASMs_z,"Number of ASMs, per 1 SD",0.0017322189917325,0.0079310690165983,-0.0138577477918536,0.0173221857753187,0.827217346762611,0.0071343944234204,-0.0122509371296749,0.0157153751131399,0.8081616358330478,0.9640137059938908,0.9630421848965036
R-Pallidum,432,Pathology,Pathology_DUAL,Dual vs HS,0.0077369635764327,0.0388720298318794,-0.0686731209432315,0.084147048096097,0.8423312177610786,0.0450276825112524,-0.080515672452926,0.0959895996057915,0.8635736784209003,0.9640137059938908,0.9659789726236664
R-Caudate,432,Age,Age_rank_z,"Age-band rank, per 1 SD",0.0016251974795794,0.0083324175776495,-0.0147536933093752,0.018004088268534,0.845452839419307,0.0083046483092567,-0.0146516141108353,0.0179020090699941,0.8448470763478086,0.9640137059938908,0.9659789726236664
L-Pallidum,432,Pathology,Pathology_OTHER,Other vs HS,-0.0046530494281449,0.0245265648372531,-0.052864498644892,0.0435583997886021,0.8496252483046817,0.0272250923263666,-0.0580132498636013,0.0487071510073115,0.8642942764844149,0.9640137059938908,0.9659789726236664
L-Thalamus,432,Pathology,Pathology_DUAL,Dual vs HS,-0.0067245221445958,0.0370308854204613,-0.0795155005692654,0.0660664562800737,0.8559911703798296,0.0372515625455141,-0.0797362431016448,0.066287198812453,0.8567470924682121,0.9640137059938908,0.9659789726236664
L-Pallidum,432,Operation type,Extra_temporal,Extra-temporal vs temporal,0.0050935347566655,0.0286549482310855,-0.051233007122251,0.0614200766355821,0.8590026109055197,0.0300517637698596,-0.053806839904165,0.063993909417496,0.865409632688501,0.9640137059938908,0.9659789726236664
R-Amygdala,432,Sex,Male,Male vs female,0.0026808248088075,0.0155798433900978,-0.0279442070042777,0.0333058566218928,0.8634661151551652,0.0174239843600546,-0.0314695570040887,0.0368312066217038,0.8777214554280642,0.9640137059938908,0.9719734237961783
R-Amygdala,432,Pathology,Pathology_FCD,FCD vs HS,-0.005864709631487,0.0345565009273948,-0.0737918327579623,0.0620624134949883,0.8653178436428501,0.033674542918544,-0.0718656009476816,0.0601361816847075,0.8617408584432185,0.9640137059938908,0.9659789726236664
R-Caudate,432,Pathology,Pathology_DUAL,Dual vs HS,-0.0063395578894736,0.0388735961594769,-0.0827527213125198,0.0700736055335725,0.8705335890490288,0.0376985499724503,-0.0802273581048598,0.0675482423259125,0.8664538663533492,0.9640137059938908,0.9659789726236664
R-Cerebral-WM,432,Pathology,Pathology_DUAL,Dual vs HS,0.0037983494851398,0.0268930186583041,-0.0490647975529054,0.056661496523185,0.8877493171274332,0.0296201160170646,-0.0542560111262048,0.0618527100964844,0.897962631150091,0.9761578788103088,0.9793393742882704
L-Amygdala,432,Number of ASMs,ASMs_z,"Number of ASMs, per 1 SD",0.0008858433969328,0.0070433392727294,-0.0129591282049503,0.014730814998816,0.8999744550719394,0.0072353170007973,-0.0132951173413602,0.0150668041352259,0.9025559045112448,0.9761578788103088,0.9793393742882704
R-Pallidum,432,Age,Age_rank_z,"Age-band rank, per 1 SD",0.0009156357637687,0.0080974517155486,-0.0150013866468166,0.0168326581743541,0.9100240351449423,0.0078662272554862,-0.0145018863511917,0.0163331578787292,0.9073348391099836,0.9761578788103088,0.9793393742882704
L-Caudate,432,Pathology,Pathology_FCD,FCD vs HS,-0.004524675712704,0.0410454639086484,-0.0852070424420212,0.0761576910166132,0.9122756050075244,0.0434036458117015,-0.0895942583013718,0.0805449068759637,0.9169737781045496,0.9761578788103088,0.9793393742882704
R-Pallidum,432,Number of ASMs,ASMs_z,"Number of ASMs, per 1 SD",-0.0009217618595934,0.0083666797302929,-0.0173680011762845,0.0155244774570977,0.9123272314502876,0.0082128830226257,-0.0170187167931803,0.0151751930739935,0.91063814685087,0.9761578788103088,0.9793393742882704
L-Putamen,432,Pathology,Pathology_DUAL,Dual vs HS,-0.0038583076039843,0.0369992245276843,-0.076587050752968,0.0688704355449993,0.9169967952460478,0.0384094577196704,-0.0791394614002523,0.0714228461922836,0.919985472816254,0.9761578788103088,0.9793393742882704
L-Amygdala,432,Sex,Male,Male vs female,-0.0011668167932823,0.0141947648967188,-0.0290692234899745,0.0267355899034097,0.9345268101377444,0.0152465745892373,-0.0310495538757911,0.0287159202892264,0.9389976331653146,0.9834443778633658,0.9866283876860495
L-Cerebral-WM,432,Pathology,Pathology_DUAL,Dual vs HS,0.0020904658772563,0.0259371849865918,-0.0488938152523669,0.0530747470068796,0.935801009764783,0.0301767223974737,-0.0570548231932554,0.0612357549477681,0.9447714257842172,0.9834443778633658,0.9866283876860495
R-Amygdala,432,Pathology,Pathology_DNT,DNT vs HS,-0.0017204300980913,0.0235194441985404,-0.0479521994921391,0.0445113392959564,0.941722495166132,0.0203903814808136,-0.0416848434315185,0.0382439832353358,0.9327586086667664,0.9834443778633658,0.9865716053206184
L-Caudate,432,Operation type,Extra_temporal,Extra-temporal vs temporal,-0.0013624340998373,0.0293786806409482,-0.0591116044045499,0.0563867362048753,0.963033676102417,0.0297379550208406,-0.0596477549145571,0.0569228867148824,0.9634579794114372,0.9909912865739904,0.9926569870831404
R-Thalamus,432,Pathology,Pathology_OTHER,Other vs HS,0.0008053394626314,0.0217783581357886,-0.0420040068218888,0.0436146857471517,0.9705195773547256,0.0224663277738005,-0.0432278538388895,0.0448385327641525,0.971404746571874,0.9909912865739904,0.9926569870831404
R-Amygdala,432,Number of ASMs,ASMs_z,"Number of ASMs, per 1 SD",-0.0001751005379616,0.0073982149070023,-0.014717645107504,0.0143674440315808,0.9811288241081982,0.0079398710143852,-0.0157369617680501,0.0153867606921269,0.9824054204706724,0.9909912865739904,0.9926569870831404
R-Amygdala,432,Pathology,Pathology_DUAL,Dual vs HS,0.0006606545745601,0.0342575439769233,-0.0666788139850693,0.0680001231341895,0.9846230463118129,0.0394563128607169,-0.0766722975951896,0.0779936067443099,0.9866408841311214,0.9909912865739904,0.9926569870831404
R-Hippocampus,432,Operation side,Right_side,Right vs left,-0.0002848797555679,0.015009246180963,-0.0297882983890678,0.0292185388779318,0.9848659335452208,0.0159248520019201,-0.0314970161384619,0.030927256627326,0.9857274004270749,0.9909912865739904,0.9926569870831404
R-Caudate,432,Pathology,Pathology_OTHER,Other vs HS,-0.0004509513329125,0.0239478065928252,-0.0475247453625122,0.0466228426966871,0.9849852787765724,0.0241580140072751,-0.047799788725186,0.0468978860593609,0.9851069623702284,0.9909912865739904,0.9926569870831404
R-Cerebral-WM,432,Pathology,Pathology_OTHER,Other vs HS,-4.24010945072606e-05,0.0164899292910241,-0.0324563732050426,0.0323715710160281,0.9979496081751236,0.0172656836928423,-0.0338825193009387,0.0337977171119241,0.9980405557483492,0.9979496081751232,0.9980405557483494
